
Jackson/Jaxen/Jaxon/Jaxson/Jaxxen/Jaxxon,1,Emma,,
Liam,2,Avary/Avery,,
Benjamin,3,Charlotte,,
Jack,4,Olivia,,
James,5,Addison/Addyson,,
Mason,6,Scarlett,,
Grayson/Greyson,7,Abbigail/Abigail/Abigale,,
Jacob,8,Anna,,
Noah,9,Cali/Callie/Kali/Kallee/Kallie,,
Isaac/Isac/Issac,10,Emilee/Emily,,
Owen,11,Amelia/Emelia/Emilia,,
William,12,Ava/Avah,,
Alexander,13,Clare/Claire,,
Aidan/Aiden/Aidyn/Ayden,14,Nora/Norah,,
Ethan,15,Kate,,
Hunter,16,Sofia/Sophia,,
Lincoln,17,Hana/Hanna/Hannah,,
Luke,18,Lily/Lilly,,
Oliver,19,Isabella/Izabella,,
Conner/Connor/Conor/Konnor,20,Sadie,,
Logan,21,Lea/Leah/Leia/Leiyah/Lia/Leya,,
Lucas/Lukas,22,Payton/Peyton,,
Parker,23,Sofie/Sophie,,
Thomas,24,Charlee/Charleigh/Charley/Charlie,,
Max/Maxx,25,Lila/Lilah/Lyla/Lylah,,
Landen/Landon,26,Paige,,
Nathan,27,Ella,,
Samuel,28,Grace,,
Caleb/Kaleb,29,Sara/Sarah,,
Carter/Karter,30,Willow,,
Hudson,31,Brooklyn/Brooklynn,,
Blake,32,Hailey/Haley/Haleigh/Haylee/Hayley,,
Henry,33,Kaylee/Caylee,,
Jake,34,Lexi/Lexie,,
Jaiden/Jayden,35,Macey/Maci/Macie/Macy,,
Wyatt,36,Madison,,
Zacary/Zacharie/Zachary/Zackary,37,Aria/Ariah/Ariea,,
Bentley/Bently,38,Chloe/Khloe,,
Declan,39,Georgia/Jorja,,
Austen/Austin,40,Katherine/Catherine/Kathryn,,
Daniel,41,Mia/Mya,,
Dominic,42,Evelyn/Evelynn,,
Elliot/Elliott,43,Lauren,,
Gabriel,44,Layla,,
Jace/Jase/Jayce,45,Maggie,,
Rielly/Riley/Rylee,46,Riley/Rylee/Ryleigh,,
Charlie,47,Zoe/Zoey,,
Chase,48,Alexis,,
Gavin,49,Brielle,,
Ryan,50,Carleigh/Carley/Carly/Karlee,,
Ryder,51,Ellie,,
Brayden,52,Gracee/Gracie,,
Cameron,53,Isabel/Isabell/Isabelle,,
Harrison,54,Julia,,
Hayden,55,Mackenzie/Makenzie,,
Reed/Reid,56,Maria,,
Sawyer,57,Violet,,
Alex,58,Alexa,,
Brody/Brodie,59,Ariana/Arianna,,
Dylan,60,Harper,,
Eric/Erik,61,Katie,,
Joseph,62,Lucy,,
Kaiden/Kayden,63,Raya/Rayah/Rhea,,
Maxwell,64,Adalynn/Adaelyn/Adelyn/Adelynn/Adilyn,,
Miles/Myles,65,Alice,,
Patrick,66,Aubree,,
Rory,67,Elizabeth/Elisabeth,,
Aaron,68,Lacee/Lacey/Lacie/Lacy,,
Andrew,69,Lillian,,
Carson/Karson,70,Lydia,,
Easton,71,Morgan,,
Evan,72,Nevaeh,,
Finn,73,Quinn,,
Jesse,74,Skylar/Skyler,,
John,75,Brook/Brooke,,
Matthew,76,Faith,,
Nathanael/Nathaniel,77,Isla,,
Nolan,78,Josie/Jozie,,
Abel,79,London/Londynn,,
Charles,80,Maddie,,
Darcy,81,Paisley/Paizley,,
David,82,Taylor,,
Drew/Dru,83,Briana/Brianna,,
Eli,84,Bridget,,
Emerson,85,Daisy,,
Ezra,86,Everleigh/Everley/Everly,,
Jonah,87,Fiohna/Fiona,,
Joshua,88,Ivy,,
Keagan/Keegan,89,Kenzie,,
Leo,90,Kinley/Kinnley,,
Ronan,91,Maisie/Maisy,,
Wesley,92,Mallory,,
Christopher,93,Rachael/Rachel,,
Cole,94,Ruby,,
Cooper,95,Sage,,
Damien/Damian,96,Samantha,,
Dawson,97,Savannah,,
Elijah,98,Stella,,
Everett,99,Eva,,
Finley,100,Alyssa,,