
Jackson/Jaxon/Jaxson/Jaxxon/Jaxzyn,1,Emma,,
Jack,2,Averie/Avery,,
Liam,3,Sofia/Sophia,,
Benjamin/Benjamen,4,Charlotte,,
Jacob/Jakob,5,Lily/Lilly/Lillie,,
Parker,6,Mia/Miah/Mya/Myah,,
Nathan/Nathon,7,Avah/Ava,,
James,8,Anna/Ana,,
Noah,9,Olivia/Olivea,,
Carter,10,Chloe/Khloe,,
Owen,11,Ella,,
Mason,12,Emilie/Emily/Emmalee,,
Hunter,13,Nora/Norah,,
William,14,Leah/Leia,,
Caleb/Kaleb,15,Sadey/Sadie,,
Caden/Caiden/Cayden/Kaden/Kaeden/Kayden/Kaiden,16,Sara/Sarah,,
Conner/Connor/Conor/Konner/Konnor,17,Paige,,
Greyson/Graysen/Grayson,18,Claire,,
Lucas/Lukas,19,Zoe/Zoey,,
Colton/Kolten/Kolton,20,Amelia/Ameliah/Amilia/Emilia,,
Lincoln/Linken,21,Calee/Caleigh/Cali/Calleigh/Callie/Kallie/Kali/Kalleigh,,
Logan,22,Grace,,
Aaden/Aiden/Aidan/Ayden,23,Kaylee/Kayleigh/Kayley/Kaylie/Kailee,,
Alexzander/Alexander,24,Kendall/Kendell/Kendyl,,
Luke,25,Payton/Peyton,,
Evan,26,Abagail/Abbigail/Abigale/Abigail,,
Hudson,27,Brooklyn/Brooklynn,,
Max,28,Kylee/Kyleigh/Kylie,,
Michael/Micheal/Mikaal/Mikhail,29,Rachel/Rachael,,
Oliver/Olyver,30,Addison/Addysen,,
Brodie/Brody,31,Hailee/Hailey/Haleigh/Hayleigh/Hayley/Hayley,,
Riley/Rylee/Ryley,32,Isabella/Izabella,,
Blake,33,Lexi/Lexie,,
Chase,34,Macey/Maci/Macie/Macy,,
Ethan,35,Allie/Ally/Aly,,
Landen/Landon,36,Hana/Hannah,,
Henry,37,Isla,,
Isaac/Issac,38,Layla/Lela,,
Jake,39,Maddison/Maddisyn/Madison/Madisyn,,
Ryder,40,Quin/Quinn,,
Jayden/Jaydan/Jaydhen/Jaden/Jeydon,41,Sofie/Sofia,,
Ryan,42,Aria/Ariyah/Arya,,
Daniel,43,Charlee/Charleigh/Charley/Charli/Charlie,,
Gabriel,44,Georgia/Jorja,,
Reed/Reid,45,Julia,,
Zachari/Zachary/Zachery,46,Katie,,
John,47,Lila/Lilah/Lyla,,
Joshua,48,Lucy,,
Matthew,49,Paislee/Paisleigh/Paisley,,
Bentley,50,Scarlet/Scarlett/Scarlotte,,
Cameron/Camran,51,Alexis,,
Simon,52,Ellie,,
Alex/,53,Evelyn,,
Dawson,54,Kate,,
Dominic,55,Lauren,,
Harrison,56,Maria,,
Joseph,57,Skylar/Skyler,,
Keegan,58,Catherine/Katherine/Kathryn,,
Nicholas/Nicolas/Niklas/Nikolas,59,Gracie,,
Samuel,60,Nevaeh,,
Ashton,61,Taylor,,
Brayden,62,Adalyn/Addilyn/Adelyn/Adelynn,,
Declan/Deklan,63,Aubree/Aubrey,,
Elijah,64,Lydia,,
Eric/Erik,65,Penelope,,
Finley/Finlay/Finnley,66,Rebecca/Rebekah,,
Gavin,67,Savannah,,
Jace/Jase/Jayce,68,Cassidy/Kassidy,,
Levi,69,Eva,,
Maxwell,70,Harper,,
Patrick,71,Mackenzie/Makenzie/Mckenzie,,
Spencer,72,Madalyn/Madelyn,,
Adam,73,Maggie,,
Carson/Karson,74,Ryleigh/Rylie/Riley,,
Charley/Charlie,75,Violet,,
Christian/Kristian,76,Audrey,,
Cooper,77,Bailee/Bailey/Baylee,,
Hayden,78,Carlee/Carleigh/Carley/Carlie/Carly/Karlee,,
Aaron/Aron,79,Clara,,
Abel/Able,80,Natalie/Nathalie,,
Andrew,81,Shelby,,
Austin,82,Stella/,,
David,83,Willow,,
Eli,84,Alaina/Alayna,,
Elliot/Elliott,85,Allison,,
Felix,86,Alysa/Alyssa,,
George,87,Ariana/Arianna,,
Marcus/Markus,88,Brianna,,
Nolan,89,Elizabeth,,
Rylan/Rilan/Rilen,90,Isabelle,,
Thomas,91,Ivie/Ivy,,
Tyson,92,Jenna/Jena,,
Weston,93,Jordan/Jordyn,,
Anthony,94,Kenzi/Kenzie,,
Ben,95,Lilian/Lillian,,
Casey/Kacey,96,Autum/Autumn,,
Colin/Collin,97,Bria/Briea,,
Drew,98,Brielle,,
Jax/Jaxx,99,Delilah,,
Jonah,100,Faith,,